sku,name,status
"DC72E1","Vòng Rung Lưỡi Liếm Tích Hợp Độn Dương Vật Điều Khiển Từ Xa","FAIL"
"DC72E","Vòng Rung Lưỡi Điều Khiển Từ Xa Cho Nữ","FAIL"
"BD49G","Bao Đôn Dên Silicon Gai Mềm Có Quai Đeo Tăng Khoái Cảm Nam Giới","FAIL"
"BD49D1","Bao Đôn Dên Silicon Hình Dáng Độc Đáo Size Nhỏ Có Quai Đeo Tiện Lợi","FAIL"
"G13C","Gel Bôi Trơn Gốc Nước Hương Trái Cây Cao Cấp 200ml","FAIL"
"AD34Q","Cốc Thủ Dâm Tự Động Rung Thụt Co Bóp","FAIL"
"EG06A","Trứng Rung Mini Stormy Sạc Pin 10 Chế Độ","FAIL"
"DUONG-VAT-DAI-DEO-RONG-RUOT-SILICON-MEM-MAI","Dương Vật Đai Đeo Rỗng Ruột Silicon Mềm Mại","FAIL"
"SL16C","Kẹo sâm HamerPro 66F86K vị mật ong – Tăng cường sinh lý, bồi bổ sức khỏe toàn diện","FAIL"
"WOMANIZER-DUO-MAY-RUNG-VA-KICH-THICH-DAU-TIEN-LOI-CAO-CAP","Womanizer Duo - Máy Rung và Kích Thích Đầu Tiện Lợi Cao Cấp","FAIL"
"SVAKOM-QINGDAI-SHY-PEACOCK","SVAKOM QINGDAI SHY PEACOCK","FAIL"
"TRUNG-RUNG-NHAT-BAN-GPRO-ROTOR-ROLLING","Trứng Rung Nhật Bản GPRO ROTOR ROLLING","FAIL"
"MAY-RUNG-MINI-DIEU-CHINH-CHU-DONG","Máy Rung mini điều chỉnh chủ động","FAIL"
"GEL-TRAINER-LOTION-NHAP-JAPAN","GEL TRAINER LOTION (Nhập JAPAN)","FAIL"
"TRUNG-RUNG-2-DAU-EGG-VIBRATOR-CO-REMOST-DIEU-KHIEN-RUNG","Trứng Rung 2 Đầu EGG Vibrator Có Remost Điều Khiển Rung","FAIL"
"Iroha Stick","Thỏi Son Rung Ngụy Trang Iroha Stick Cho Các Chị Em","FAIL"
"EXTRA SOFT & HARD","Âm Đạo Giả TENGA EXTRA SOFT & HARD CUP","FAIL"
"PREMIUM 1","Âm Đạo Giả PREMIUM TENGA SERIES","FAIL"
"MS41B NEW","Máy rung bú liếm cao cấp Galaku Kissy (MS41B NEW)","FAIL"
"BD36A","Bao đôn mềm mịn có quai đeo","FAIL"
"THUOC-KICH-DUC-NU-SUPER-D-MANH-NHAT","THUỐC KÍCH DỤC NỮ SUPER D MẠNH NHẤT","FAIL"
"NUOC-KICH-DUC-NU-USA-SIEU-MANH-LADY-ERA","NƯỚC KÍCH DỤC NỮ USA SIÊU MẠNH LADY ERA","FAIL"
"THUOC-DANG-NUOC-CUA-DUC-BLACK-WINDOW","Thuốc dạng nước của Đức Black Window","FAIL"
"THUOC-CHO-NU-DANG-BOT-EXCITEMENT-MY","Thuốc cho nữ dạng bột Excitement – Mỹ","FAIL"
"THUOC-DANG-NUOC-CHO-NU-GOLD-FLY-TAY-BAN-NHA","Thuốc dạng nước cho nữ Gold Fly Tây Ban Nha","FAIL"
"THUOC-DANG-NUOC-PHILTER-CUA-MY","Thuốc dạng nước Philter của Mỹ","FAIL"
"THUOC-DANG-NUOC-RED-SPIDER","Thuốc dạng nước Red Spider","FAIL"
"THUOC-NHAT-UNISEX-DANG-NUOC","Thuốc Nhật UNISEX dạng nước","FAIL"
"THUOC-DANG-NUOC-CUA-DUC-BLACK-WINDOW-2","Thuốc dạng nước của Đức Black Window","FAIL"
"THUOC-DANG-VIEN-WOMAN-HIEU-QUA-CAO","Thuốc dạng viên WOMAN (Hiệu quả cao)","FAIL"
"BD10Q","BAO ĐÔN LÀM DƯƠNG VẬT CAO CẤP RUNG ĐA TẦN OMYSKY","FAIL"
"DV25B","Dương vật giả hít đất trong suốt","FAIL"
"CAO-SIN-SU-TRI-XUAT-TINH-SOM-KEO-DAI-THOI-GIAN-QUAN-HE","Cao Sìn Sú, Trị Xuất Tinh Sớm, Kéo Dài Thời Gian Quan Hệ","FAIL"
"DV25A","Dương vật silicon trong suốt","FAIL"
"TRUNG-RUNG-TINH-YEU-LOVENSE-LUSH-3-DIEU-KHIEN-TU-BAT-KE-NOI-DAU-EG34C","TRỨNG RUNG TÌNH YÊU LOVENSE LUSH 3 ĐIỂU KHIỂN TỪ BẤT KỂ NƠI ĐÂU (EG34C)","FAIL"
"MS20N","Mát xa điểm G- cây nấm rung","FAIL"
"CHAY-RUNG-MAT-XA-CO-CHINH-NHIET-DO-CHO-NU-CAO-CAP-CO-CHAT-LIEU-SILICON-VA-SAC-QUA-CONG-USB-TIEN-LOI-DONG-CO-LOI-KEP-HOAT-DONG-MANH-ME-VOI-10-KIEU-RUNG-VA-7-TOC-DO-RUNG-CHO-MOI-KIEU","Chày rung, mát xa, có chỉnh nhiệt độ cho nữ cao cấp có chất liệu silicon và sạc qua cổng USB tiện lợi, động cơ lõi kép hoạt động mạnh mẽ với 10 kiểu rung và 7 tốc độ rung cho mỗi kiểu.","FAIL"
"BI-014633-1","Máy Rung Hút Cho Nữ Cực Mạnh Otis (BI-014633-1)","FAIL"
"BW-069003","Thanh Rung Cho Nữ SuSie (BW-069003)","FAIL"
"BI-014651","Trứng Rung cực mạnh mát xa cho nữ ISAAC ( BI-014651)","FAIL"
"BI-014601-1","Trứng Rung Cực Mạnh cho Nữ SHOCK FUN ( BI-014601-1)","FAIL"
"BI-014609W-1","Trứng Rung Cực Mạnh cho Nữ SHOCK FUN (BI-014609W-1)","FAIL"
"SVAKOM Iris","SVAKOM Iris ngón tay rung kỳ diệu kích thích điểm G","FAIL"
"NUOC-HOA-KICH-THICH-NU-COVERTLY-KISS-K","NƯỚC HOA KÍCH THÍCH NỮ COVERTLY KISS K","FAIL"
"Vinix 100mg","Tem ngậm Vinix 100mg Hàn Quốc Trợ Thủ Đắc Lực Cho Phái Mạnh","FAIL"
"BD40","Bao đôn 3 phân silicon tự nhiên siêu mềm như thật","FAIL"
"DV69","Dương vật siêu mềm ngủ gật Lovetoy Limpy Cock","FAIL"
"DV57C","Dương vật silicon Lovetoy Real feel 7.5""","FAIL"
"AD33B","Máy bú mút dương vật tự động như thật (AD33B)","FAIL"
"XTS04","Chai xịt chống xuất tinh sớm Power Delay Spray (XTS04)","FAIL"
"AD36G","Máy thủ dâm tự động Telescopic Sweetheart II (AD36G)","FAIL"
"DC91","Dương Vật Giả Cyberskin Rung Ngoáy 8 Chế Độ – Mềm Mịn, Sạc USB","FAIL"
"AD52A","Âm đạo giả cao cấp Leten ruột 3D màu đỏ độc đáo (AD52A)","FAIL"
"DC82B","Trứng rung mini cao cấp Lelo AKO Originals có kết nối App","FAIL"
"HM37B","Phích hậu môn rung xoay 360 độ","FAIL"
"DC502","Máy mát xa đa năng gắn dương vật tự động bao phê","FAIL"
"DC95E","Máy rung điêm G mini cao cấp Blenva Bimmi","FAIL"
"DC95F","Máy rung bú mini cao cấp Blenva Blyss","FAIL"
"DC93DL","Máy rung 2 đầu Lovense Dolce điều khiển từ xa qua điện thoại","FAIL"
"DC96A","Máy rung bú kích thích âm vật cao cấp Womanizer Premium 2","FAIL"
"DC93FZ","Máy rung bú cao cấp Lovense Fizz điều khiển từ xa qua app","FAIL"
"DC90EP","Svakom Eria Plus- Máy rung thụt mini gắn quần chip điều khiển qua app","FAIL"
