sku,tags,url
"DC71T","Sextoy cho Nam[sextoy-cho-nam] | Trứng Rung[trung-rung] | Sextoy Cao Cấp[sextoy-cao-cap] | Sản Phẩm Cho Nam[san-pham-cho-nam]","https://vipsextoy.net/vong-rung-luoi-liem-sac-pin-dieu-khien-xa.html"
"DC71C","Bao Cao Su[bao-cao-su]","https://vipsextoy.net/vong-rung-cao-cap-prettylove.html"
"DC92B","Trứng Rung[trung-rung] | Trứng Rung Nữ[trung-rung-nu] | Sản Phẩm Cho Nữ[san-pham-cho-nu] | Sextoy Cao Cấp[sextoy-cao-cap] | WE VIBE CANADA[we-vibe-canada]","https://vipsextoy.net/may-rung-cao-cap-wevibe-unite2-0-dc92b.html"
"DC50A","Sextoy cho Nữ[sextoy-cho-nu] | Máy Massage[may-massage] | Dụng Cụ Massage, Chày Rung[dung-cu-massage-chay-rung] | Dương Vật Giả[duong-vat-gia] | Sextoy Cao Cấp[sextoy-cao-cap] | Sản Phẩm Cho Nữ[san-pham-cho-nu] | EASYLOVE-JAPAN[easylove-japan]","https://vipsextoy.net/duong-vat-gia-tu-dong-thut-ngoay-xoay-bi-cuc-dinh-dc50a.html"
"DC64B","Sextoy cho Nữ[sextoy-cho-nu] | Dương Vật Giả[duong-vat-gia]","https://vipsextoy.net/duong-vat-silicon-tease-mo-vit.html"
"AD33H","Sextoy cho Nam[sextoy-cho-nam] | Âm Đạo Giả[am-dao-gia] | Máy Thủ Dâm Tự Động[may-thu-dam-tu-dong] | Sextoy Cao Cấp[sextoy-cao-cap] | Sản Phẩm Cho Nam[san-pham-cho-nam]","https://vipsextoy.net/coc-thu-dam-tu-dong-leten-amt-aircraft-rung-co-bop-cuc-phe.html"
"NY19E","Sextoy cho Nữ[sextoy-cho-nu] | Đồ Chơi BDSM[do-choi-bdsm] | Sextoy Cao Cấp[sextoy-cao-cap] | Sản Phẩm Cho Nữ[san-pham-cho-nu] | Sextoy Cho LGBT[sextoy-cho-lgbt] | ĐỒ CHƠI CHO GAY[do-choi-cho-gay] | ĐỒ CHƠI CHO LESS[do-choi-cho-less]","https://vipsextoy.net/ao-nguc-gia-cao-cap-tien-loi.html"
"DV52B","Sextoy cho Nữ[sextoy-cho-nu] | Dương Vật Giả[duong-vat-gia]","https://vipsextoy.net/duong-vat-gia-thuy-tinh-co-bi-massage-kich-thich-diem-g-hieu-qua.html"
"BD36","Bao Cao Su[bao-cao-su] | BAO ĐÔN DÊN[bao-don-den]","https://vipsextoy.net/bao-don-mem-mai-size-chau-a-co-lo-trong-biu.html"
"DC60Q","Sextoy cho Nam[sextoy-cho-nam] | Sextoy Cao Cấp[sextoy-cao-cap] | Bao Cao Su[bao-cao-su]","https://vipsextoy.net/vong-deo-duong-vat-hinh-so-8.html"
"HM02Q","Sextoy cho Nữ[sextoy-cho-nu] | Sextoy Hậu Môn[sextoy-hau-mon] | Trứng Rung[trung-rung] | Trứng Rung Nữ[trung-rung-nu] | Máy Massage[may-massage] | Dụng Cụ Massage, Chày Rung[dung-cu-massage-chay-rung] | Sextoy Cao Cấp[sextoy-cao-cap] | Sản Phẩm Cho Nữ[san-pham-cho-nu] | PRETTY LOVE[pretty-love]","https://vipsextoy.net/prettylove-tarion-rung-thut-hau-mon-voi-de-phat-quang-5-mau.html"
"SL12","Tăng Cường Sinh Lý[tang-cuong-sinh-ly]","https://vipsextoy.net/thao-duoc-cuong-duong-cao-cap-herber-2-vien-tu-my.html"
"MS32E","Sextoy cho Nữ[sextoy-cho-nu] | Trứng Rung[trung-rung] | Trứng Rung Nữ[trung-rung-nu]","https://vipsextoy.net/quan-lot-rung-dieu-khien-xa-galaku-japan-sieu-kich-thich-ms32e.html"
"DC10R","Bao Cao Su[bao-cao-su] | BAO ĐÔN DÊN[bao-don-den]","https://vipsextoy.net/ngon-tay-sieu-kich-thich-dam-me-tinh-duc-ngay-man-dao-dau.html"
"XTS15","Chai Xịt Lâu Ra[chai-xit-lau-ra]","https://vipsextoy.net/chai-xit-chong-xuat-tinh-som-jo-prolonger-xts15.html"
"DV60F","Sextoy cho Nữ[sextoy-cho-nu] | Dương Vật Giả[duong-vat-gia] | Sextoy Cao Cấp[sextoy-cao-cap] | Sản Phẩm Cho Nữ[san-pham-cho-nu]","https://vipsextoy.net/duong-vat-silicone-rung-thut-suoi-am-nx-toys-dinh-cao-giai-toa-sinh-ly-nu-dieu-khien-xa-sieu-tien-loi.html"
"Koharu","Sextoy cho Nữ[sextoy-cho-nu] | Dương Vật Giả[duong-vat-gia] | Trứng Rung[trung-rung] | Lưỡi Liếm Âm Đạo[luoi-liem-am-dao] | Trứng Rung Nữ[trung-rung-nu] | Sextoy Cao Cấp[sextoy-cao-cap] | Sản Phẩm Cho Nữ[san-pham-cho-nu]","https://vipsextoy.net/thanh-rung-nhat-ban-iroha-koharu.html"
"HM29","Sextoy cho Nữ[sextoy-cho-nu] | Sextoy Hậu Môn[sextoy-hau-mon] | Đồ Chơi BDSM[do-choi-bdsm] | Trứng Rung[trung-rung] | Sextoy Cao Cấp[sextoy-cao-cap] | Sản Phẩm Cho Nữ[san-pham-cho-nu]","https://vipsextoy.net/phich-hau-mon-co-rung-da-tan.html"
"DV53A","Sextoy cho Nữ[sextoy-cho-nu] | Dương Vật Giả[duong-vat-gia]","https://vipsextoy.net/duong-vat-da-nang-sieu-rung-sac-pin-thiet-ke-doc-dao-dv53a.html"
"PK001","Sextoy cho Nam[sextoy-cho-nam] | Máy Tập Dương Vật[may-tap-duong-vat]","https://vipsextoy.net/mieng-lot-silicon-cao-cap-cho-may-tap-duong-vat-pk001.html"
"DC89V","Sextoy cho Nữ[sextoy-cho-nu] | Sextoy Cao Cấp[sextoy-cao-cap] | Sản Phẩm Cho Nữ[san-pham-cho-nu] | SVAKOM (Mỹ)[svakom-my] | Sextoy Cho LGBT[sextoy-cho-lgbt] | ĐỒ CHƠI CHO GAY[do-choi-cho-gay]","https://vipsextoy.net/svakom-iker-may-rung-hau-mon-dieu-khien-qua-app.html"
"DC89ZA","Sextoy cho Nữ[sextoy-cho-nu] | Dương Vật Giả[duong-vat-gia] | Máy Massage[may-massage] | Sextoy Cao Cấp[sextoy-cao-cap] | Sản Phẩm Cho Nữ[san-pham-cho-nu] | SVAKOM (Mỹ)[svakom-my]","https://vipsextoy.net/ngon-tay-svakom-rung-liem-diem-g-cuc-phe-kich-thich-da-chieu-khoai-cam-thang-hoa.html"
"XTS31","Chai Xịt Lâu Ra[chai-xit-lau-ra]","https://vipsextoy.net/oleo-lampo-max-power-xit-chong-xuat-tinh-som-keo-dai-thoi-gian-quan-he.html"
"AD36E","Sextoy cho Nam[sextoy-cho-nam] | Máy Thủ Dâm Tự Động[may-thu-dam-tu-dong] | Sextoy Cao Cấp[sextoy-cao-cap] | Sản Phẩm Cho Nam[san-pham-cho-nam]","https://vipsextoy.net/am-dao-gia-tu-dong-rung-liem-co-bop-nhu-that-ad36e.html"
"DC87D","Sextoy cho Nữ[sextoy-cho-nu] | Dương Vật Giả[duong-vat-gia] | Sextoy Cao Cấp[sextoy-cao-cap] | Sản Phẩm Cho Nữ[san-pham-cho-nu] | LELO-THỤY ĐIỂN[lelo-thuy-dien]","https://vipsextoy.net/duong-vat-gia-cao-cap-lelo-soraya-wave-trai-nghiem-rung-ngoan-cuc-dinh.html"
"AD46","Sextoy cho Nam[sextoy-cho-nam] | Âm Đạo Giả[am-dao-gia] | Âm Đạo Silicon Trần[am-dao-silicon-tran] | Sextoy Cao Cấp[sextoy-cao-cap] | Sản Phẩm Cho Nam[san-pham-cho-nam]","https://vipsextoy.net/am-dao-gia-tho-dan-chau-phi-lovetoy-aliens-pie-ad46.html"
"DC77K","Sextoy cho Nữ[sextoy-cho-nu] | Dương Vật Giả[duong-vat-gia] | Sextoy Cao Cấp[sextoy-cao-cap] | Sản Phẩm Cho Nữ[san-pham-cho-nu]","https://vipsextoy.net/prettylove-uriah-duong-vat-gia-rung-cam-ung-am-thanh-kich-thich-diem-g-hieu-qua.html"
"P19","Chai Xịt Lâu Ra[chai-xit-lau-ra]","https://vipsextoy.net/gel-boi-tron-keo-dai-thoi-gian-powermen-p19.html"
"G02B","Gel Bôi Trơn[gel-boi-tron] | GEL BÔI TRƠN ÂM ĐẠO[gel-boi-tron-am-dao]","https://vipsextoy.net/gel-boi-tron-huong-que-heah-job-nem-duoc-tuyet-voi-cho-oral-sex-g02b.html"
"DC68B","Sextoy cho Nam[sextoy-cho-nam] | Máy Tập Dương Vật[may-tap-duong-vat]","https://vipsextoy.net/may-tap-duong-vat-bom-tay-cao-cap.html"
"DC14V","Bao Cao Su[bao-cao-su] | BAO ĐÔN DÊN[bao-don-den]","https://vipsextoy.net/bao-cao-su-don-dau-rong-co-rung-dinh-cao-cua-lam-suong-vo-dc14v.html"
"AD80B","Sextoy cho Nam[sextoy-cho-nam] | Âm Đạo Giả[am-dao-gia] | Máy Thủ Dâm Tự Động[may-thu-dam-tu-dong] | Sextoy Cao Cấp[sextoy-cao-cap] | Sản Phẩm Cho Nữ[san-pham-cho-nu] | SVAKOM (Mỹ)[svakom-my] | Sản Phẩm Cho Nam[san-pham-cho-nam]","https://vipsextoy.net/am-dao-gia-tu-dong-svakom-sam-neo-dieu-khien-qua-internet.html"
"MS39","Sextoy cho Nữ[sextoy-cho-nu] | Dương Vật Giả[duong-vat-gia] | Máy Massage[may-massage] | Dụng Cụ Massage, Chày Rung[dung-cu-massage-chay-rung]","https://vipsextoy.net/mat-xa-diem-g-lovetoy-iwhizz.html"
"DC90M","Sextoy Cao Cấp[sextoy-cao-cap] | Sản Phẩm Cho Nữ[san-pham-cho-nu] | SVAKOM (Mỹ)[svakom-my]","https://vipsextoy.net/mat-xa-diem-g-cao-cap-gan-camera-svakom-siime-gaga-my.html"
"DC65N","Sextoy Cho LGBT[sextoy-cho-lgbt] | ĐỒ CHƠI CHO LESS[do-choi-cho-less]","https://vipsextoy.net/duong-vat-day-deo-size-nho-sieu-mem.html"
"DV39D","Sextoy cho Nữ[sextoy-cho-nu] | Dương Vật Giả[duong-vat-gia] | Sextoy Cao Cấp[sextoy-cao-cap] | Sản Phẩm Cho Nữ[san-pham-cho-nu] | BALE- HONGKONG[bale-hongkong]","https://vipsextoy.net/duong-vat-da-nang-cao-cap-rung-thut-song-bi-sieu-dinh.html"
"AD39B","Sextoy cho Nam[sextoy-cho-nam] | Âm Đạo Giả[am-dao-gia] | Âm Đạo Silicon Trần[am-dao-silicon-tran] | Sextoy Cao Cấp[sextoy-cao-cap] | Sản Phẩm Cho Nam[san-pham-cho-nam]","https://vipsextoy.net/am-dao-gia-cao-cap-giong-that-kieu-tay-moc-moi-chao-anh-quan-he.html"
"DC90PL","Sextoy cho Nữ[sextoy-cho-nu] | Trứng Rung[trung-rung] | Lưỡi Liếm Âm Đạo[luoi-liem-am-dao] | Trứng Rung Nữ[trung-rung-nu] | Sextoy Cao Cấp[sextoy-cao-cap] | Sản Phẩm Cho Nữ[san-pham-cho-nu] | SVAKOM (Mỹ)[svakom-my]","https://vipsextoy.net/trung-rung-cao-cap-svakom-plume-dieu-khien-app-thiet-ke-duoi-silicon-mem.html"
"DC85E","Sextoy Cao Cấp[sextoy-cao-cap] | Sản Phẩm Cho Nữ[san-pham-cho-nu] | LELO-THỤY ĐIỂN[lelo-thuy-dien]","https://vipsextoy.net/mat-xa-cao-cap-lelo-oden-dc85e.html"
"HM08B","Sextoy cho Nữ[sextoy-cho-nu] | Sextoy Hậu Môn[sextoy-hau-mon]","https://vipsextoy.net/cay-rung-nham-mini-vibratoe.html"
"DC50Q","Sextoy cho Nữ[sextoy-cho-nu] | Dương Vật Giả[duong-vat-gia] | Sextoy Cao Cấp[sextoy-cao-cap] | Sản Phẩm Cho Nữ[san-pham-cho-nu]","https://vipsextoy.net/may-lam-tinh-tu-dong-dieu-khien-xa-co-nem-trai-cuc-cute-dc50q.html"
"EG33G","Trứng Rung[trung-rung] | Trứng Rung Nữ[trung-rung-nu]","https://vipsextoy.net/trung-rung-leten-gai-nham-sac-usb-dieu-khien-xa.html"
"DC68P","Sextoy cho Nam[sextoy-cho-nam] | Máy Tập Dương Vật[may-tap-duong-vat]","https://vipsextoy.net/may-tap-to-duong-vat-hieu-qua-tien-loi-dc68p.html"
"DV01D","Sextoy cho Nữ[sextoy-cho-nu] | Dương Vật Giả[duong-vat-gia]","https://vipsextoy.net/duong-vat-gia-silicon-cam-tay-sieu-rung-dv01d.html"
"DC78B","Sextoy cho Nữ[sextoy-cho-nu] | Dương Vật Giả[duong-vat-gia]","https://vipsextoy.net/duong-vat-gai-rung-ngoay-chien-binh-sa-mac.html"
"G30","Gel Bôi Trơn[gel-boi-tron] | GEL BÔI TRƠN ÂM ĐẠO[gel-boi-tron-am-dao]","https://vipsextoy.net/gel-boi-tron-cao-cap-svakom-lube-g30.html"
"DV27","Sextoy cho Nữ[sextoy-cho-nu] | Dương Vật Giả[duong-vat-gia]","https://vipsextoy.net/duong-vat-gia-gan-tuong-co-rung-mini-thiet-ke-nho-gon-kich-thich-hieu-qua.html"
"DC69N","Sextoy cho Nam[sextoy-cho-nam] | Máy Tập Dương Vật[may-tap-duong-vat]","https://vipsextoy.net/may-tap-to-duong-vat-thong-minh-pin-sac-man-hinh-hien-thi-lcd-dc69n.html"
"DV68A","Sextoy cho Nữ[sextoy-cho-nu] | Dương Vật Giả[duong-vat-gia] | Sextoy Cao Cấp[sextoy-cao-cap] | Sản Phẩm Cho Nữ[san-pham-cho-nu]","https://vipsextoy.net/duong-vat-silicon-cong-mem-co-rung-lovetoy-ultra-soft-dude-85.html"
"DV13E","Sextoy cho Nữ[sextoy-cho-nu] | Dương Vật Giả[duong-vat-gia] | Sextoy Cao Cấp[sextoy-cao-cap] | Sản Phẩm Cho Nữ[san-pham-cho-nu]","https://vipsextoy.net/duong-vat-da-nang-rung-ngoay-suoi-am.html"
"BD30","Bao Cao Su[bao-cao-su] | BAO ĐÔN DÊN[bao-don-den]","https://vipsextoy.net/bao-don-ho-dau-co-rung-doc-dao-bd30.html"
"EG21","Trứng Rung[trung-rung] | Trứng Rung Nữ[trung-rung-nu]","https://vipsextoy.net/trung-rung-silicon-mem-min-doc-dao-thien-than-nho-eg21.html"
"BD46A","Bao Cao Su[bao-cao-su] | BAO ĐÔN DÊN[bao-don-den]","https://vipsextoy.net/bao-don-silicon-rung-dau-sac-pin-dieu-khien-xa.html"
"DV01E","Sextoy cho Nữ[sextoy-cho-nu] | Dương Vật Giả[duong-vat-gia]","https://vipsextoy.net/duong-vat-gia-silicon-uon-deo-co-rung-thiet-ke-xoan-tang-kich-thich.html"
"G03C","Gel Bôi Trơn[gel-boi-tron] | GEL TĂNG CẢM KHOÁI[gel-tang-cam-khoai] | GEL BÔI TRƠN HẬU MÔN[gel-boi-tron-hau-mon]","https://vipsextoy.net/kem-thoa-hau-mon-giup-giam-dau-rat-tang-khoai-cam-g03c.html"
"DV55XS","Sextoy cho Nữ[sextoy-cho-nu] | Dương Vật Giả[duong-vat-gia]","https://vipsextoy.net/duong-vat-dan-tuong-mini-lovetoy-enduro-blaste-5-inch-gon-nhe-cuc-ky-kich-thich.html"
"DC90MP","Sextoy cho Nữ[sextoy-cho-nu] | Dương Vật Giả[duong-vat-gia] | Trứng Rung[trung-rung] | Máy Massage[may-massage] | Sextoy Cao Cấp[sextoy-cao-cap] | Sản Phẩm Cho Nữ[san-pham-cho-nu] | SVAKOM (Mỹ)[svakom-my] | Sextoy Cho LGBT[sextoy-cho-lgbt] | ĐỒ CHƠI CHO GAY[do-choi-cho-gay]","https://vipsextoy.net/thanh-rung-svakom-siime-plus-co-camera-soi-chieu-am-dao.html"
"DC89H","Sextoy cho Nữ[sextoy-cho-nu] | Dương Vật Giả[duong-vat-gia] | Sextoy Cao Cấp[sextoy-cao-cap] | Sản Phẩm Cho Nữ[san-pham-cho-nu] | SVAKOM (Mỹ)[svakom-my]","https://vipsextoy.net/may-rung-liem-diem-g-doc-dao-svakom-trysta-dc89h.html"
"DC93S","Sextoy cho Nữ[sextoy-cho-nu] | Dương Vật Giả[duong-vat-gia] | Máy Massage[may-massage] | Dụng Cụ Massage, Chày Rung[dung-cu-massage-chay-rung] | Sextoy Cao Cấp[sextoy-cao-cap] | Sản Phẩm Cho Nữ[san-pham-cho-nu]","https://vipsextoy.net/lovense-osci-3-thiet-bi-massage-ca-nhan-ket-noi-app-cong-nghe-my-hien-dai.html"
"DC03","Sextoy cho Nam[sextoy-cho-nam] | Máy Tập Dương Vật[may-tap-duong-vat]","https://vipsextoy.net/may-tap-keo-dai-duong-vat-pro-extender-dc03.html"
"EG33B","Trứng Rung[trung-rung] | Trứng Rung Nữ[trung-rung-nu]","https://vipsextoy.net/trung-rung-7-tan-so-leten-cute.html"
"DV72E","Sextoy cho Nữ[sextoy-cho-nu] | Dương Vật Giả[duong-vat-gia] | Sextoy Cao Cấp[sextoy-cao-cap] | Sản Phẩm Cho Nữ[san-pham-cho-nu]","https://vipsextoy.net/duong-vat-gia-cao-cap-leten-sucking-vibratpor-dv72e.html"
"DC74D","Sextoy cho Nam[sextoy-cho-nam] | Âm Đạo Giả[am-dao-gia] | Sextoy Cao Cấp[sextoy-cao-cap] | Sản Phẩm Cho Nam[san-pham-cho-nam] | TENGA-JAPAN[tenga-japan]","https://vipsextoy.net/coc-thu-dam-cao-cap-tach-doi-tenga-flip-zero-dc74d.html"
"AV17C","Sextoy cho Nữ[sextoy-cho-nu] | Máy Massage[may-massage] | Dụng Cụ Massage, Chày Rung[dung-cu-massage-chay-rung]","https://vipsextoy.net/chay-rung-2-dau-nho-xinhmanh-me.html"
"G10E","Gel Bôi Trơn[gel-boi-tron] | GEL TĂNG CẢM KHOÁI[gel-tang-cam-khoai]","https://vipsextoy.net/gel-kich-thich-diem-g-discover-g-spot-g10e.html"
"DV58H","Sextoy cho Nữ[sextoy-cho-nu] | Dương Vật Giả[duong-vat-gia] | Sextoy Cao Cấp[sextoy-cao-cap] | Sản Phẩm Cho Nữ[san-pham-cho-nu] | BALE- HONGKONG[bale-hongkong]","https://vipsextoy.net/duong-vat-silicon-sieu-mem-rung-ngoay-lovetoy-nature-cock-liam.html"
"G01C","Gel Bôi Trơn[gel-boi-tron] | GEL BÔI TRƠN ÂM ĐẠO[gel-boi-tron-am-dao]","https://vipsextoy.net/gel-boi-tron-love-kiss-huong-chanh.html"
"DV29A","Sextoy cho Nữ[sextoy-cho-nu] | Dương Vật Giả[duong-vat-gia]","https://vipsextoy.net/duong-vat-silicon-tu-nhien-mem-min-color-pure-nature-dv29a.html"
"AD33P","Sextoy cho Nam[sextoy-cho-nam] | Máy Thủ Dâm Tự Động[may-thu-dam-tu-dong] | Sextoy Cao Cấp[sextoy-cao-cap] | Sản Phẩm Cho Nam[san-pham-cho-nam]","https://vipsextoy.net/coc-thu-dam-leten-erotic-lips-bu-liem-tu-dong-co-am-thanh.html"
"MS41M","Sextoy cho Nữ[sextoy-cho-nu] | Trứng Rung[trung-rung] | Lưỡi Liếm Âm Đạo[luoi-liem-am-dao] | Trứng Rung Nữ[trung-rung-nu] | Máy Massage[may-massage] | Dụng Cụ Massage, Chày Rung[dung-cu-massage-chay-rung]","https://vipsextoy.net/may-rung-bu-hat-le-2-dau-cao-cap-kiss-toy-kich-thich-manh-me-cuc-khoai-tot-dinh.html"
"1974","Sextoy cho Nữ[sextoy-cho-nu] | Trứng Rung[trung-rung] | Trứng Rung Nữ[trung-rung-nu] | Sextoy Cao Cấp[sextoy-cao-cap] | Sản Phẩm Cho Nữ[san-pham-cho-nu]","https://vipsextoy.net/trung-rung-tinh-yeu-lovense-lush-3-dieu-khien-tu-bat-ke-noi-dau-eg34c.html"
"SGM24","Bao Cao Su[bao-cao-su]","https://vipsextoy.net/bcs-sagami-xtreme-type-e-3c.html"
"DV10B","Sextoy cho Nữ[sextoy-cho-nu] | Dương Vật Giả[duong-vat-gia]","https://vipsextoy.net/duong-vat-deo-tay-sieu-mem-min-dv10b.html"
"DV40D","Sextoy cho Nữ[sextoy-cho-nu] | Dương Vật Giả[duong-vat-gia] | Sextoy Cao Cấp[sextoy-cao-cap] | Sản Phẩm Cho Nữ[san-pham-cho-nu]","https://vipsextoy.net/duong-vat-silicon-sieu-mem-rung-ngoay-dieu-khien-xa-dv40d.html"
"BD23","Bao Cao Su[bao-cao-su] | BAO ĐÔN DÊN[bao-don-den]","https://vipsextoy.net/bao-don-lovetoy-sieu-mem-min-quay-deo-co-rung-size-lon-bd23.html"
"AV17A","Sextoy cho Nữ[sextoy-cho-nu] | Máy Massage[may-massage] | Dụng Cụ Massage, Chày Rung[dung-cu-massage-chay-rung]","https://vipsextoy.net/may-rung-cao-cap-xpro-dau-rung-duoi-xoay-ngoay-av17a.html"
"DC38C","Sextoy cho Nữ[sextoy-cho-nu] | Trứng Rung[trung-rung] | Trứng Rung Nữ[trung-rung-nu] | Sextoy Cao Cấp[sextoy-cao-cap] | Sản Phẩm Cho Nữ[san-pham-cho-nu] | BALE- HONGKONG[bale-hongkong]","https://vipsextoy.net/duong-vat-vo-so-cho-chi-em-tu-suong-dieu-khien-xa-dc38c.html"
"KT18","","https://vipsextoy.net/nuoc-hoa-kich-thich-ca-nam-va-nu-connubail-unisex-kt18.html"
"EG34E","Sextoy cho Nữ[sextoy-cho-nu] | Trứng Rung[trung-rung] | Lưỡi Liếm Âm Đạo[luoi-liem-am-dao] | Trứng Rung Nữ[trung-rung-nu] | Sextoy Cao Cấp[sextoy-cao-cap] | Sản Phẩm Cho Nữ[san-pham-cho-nu]","https://vipsextoy.net/trung-rung-lovense-lush-4-cao-cap-dieu-khien-qua-app-ket-noi-toan-cau.html"
"DC18D","Sextoy cho Nam[sextoy-cho-nam] | Âm Đạo Giả[am-dao-gia]","https://vipsextoy.net/trung-thu-dam-cao-cap-svakom-heidy-x.html"
"HM17","Sextoy Cho LGBT[sextoy-cho-lgbt] | ĐỒ CHƠI CHO GAY[do-choi-cho-gay]","https://vipsextoy.net/may-rung-kich-hau-mon-black-mont.html"
"DC79A","Sextoy cho Nữ[sextoy-cho-nu] | Dương Vật Giả[duong-vat-gia] | Sextoy Cho LGBT[sextoy-cho-lgbt] | ĐỒ CHƠI CHO GAY[do-choi-cho-gay] | ĐỒ CHƠI CHO LESS[do-choi-cho-less]","https://vipsextoy.net/duong-vat-gia-hai-dau-em-sung-em-suong.html"
"GEO","Sextoy cho Nam[sextoy-cho-nam] | Âm Đạo Giả[am-dao-gia] | Sextoy Cao Cấp[sextoy-cao-cap] | Sản Phẩm Cho Nam[san-pham-cho-nam] | TENGA-JAPAN[tenga-japan]","https://vipsextoy.net/tenga-geo-nho-gon-cho-cac-anh-tu-suong.html"
"BZ23","Sextoy cho Nữ[sextoy-cho-nu] | Đồ Chơi BDSM[do-choi-bdsm] | Sextoy Cho LGBT[sextoy-cho-lgbt]","https://vipsextoy.net/gang-tay-silicon-gan-gai-tang-khoai-cam-kich-thich-manh-me.html"
"DV44V","Sextoy cho Nữ[sextoy-cho-nu] | Dương Vật Giả[duong-vat-gia] | Sextoy Cao Cấp[sextoy-cao-cap] | Sản Phẩm Cho Nữ[san-pham-cho-nu]","https://vipsextoy.net/duong-vat-cam-tay-cao-cap-lush-rung-thuc-dinh-cao-cua-khoai-cam.html"
"AD33F1","Sextoy cho Nam[sextoy-cho-nam] | Âm Đạo Giả[am-dao-gia] | Máy Thủ Dâm Tự Động[may-thu-dam-tu-dong] | Sextoy Cao Cấp[sextoy-cao-cap] | Sản Phẩm Cho Nam[san-pham-cho-nam]","https://vipsextoy.net/am-dao-tu-dong-leten-zero-gravity-rung-thut-suoi-am-42c-cao-cap.html"
"DC74A","Sextoy cho Nam[sextoy-cho-nam] | Âm Đạo Giả[am-dao-gia] | Sextoy Cao Cấp[sextoy-cao-cap] | Sản Phẩm Cho Nam[san-pham-cho-nam] | TENGA-JAPAN[tenga-japan]","https://vipsextoy.net/coc-thu-dam-cao-cap-nhat-ban-tenga-spinner-dc74a.html"
"BB01A","Sextoy cho Nam[sextoy-cho-nam] | Âm Đạo Giả[am-dao-gia] | Âm Đạo Silicon Trần[am-dao-silicon-tran] | Sextoy Cao Cấp[sextoy-cao-cap] | Sản Phẩm Cho Nam[san-pham-cho-nam] | BÚP BÊ SILICON NHẬT[bup-be-silicon-nhat]","https://vipsextoy.net/bup-be-tinh-yeu-mini-gia-re-danh-cho-nam-suong-nhu-that-bb01a.html"
"AV04","Máy Massage[may-massage] | Dụng Cụ Massage, Chày Rung[dung-cu-massage-chay-rung]","https://vipsextoy.net/chay-rung-av-sang-trong-ma-vang.html"
"AD80D","Sextoy cho Nam[sextoy-cho-nam] | Âm Đạo Giả[am-dao-gia] | Máy Thủ Dâm Tự Động[may-thu-dam-tu-dong] | Sextoy Cao Cấp[sextoy-cao-cap] | Sản Phẩm Cho Nam[san-pham-cho-nam]","https://vipsextoy.net/svakom-hannes-neo-am-dao-tu-dong-rung-thut-suoi-am-tuong-tac-qua-app-ad80d.html"
"DC95B","Sextoy cho Nữ[sextoy-cho-nu] | Dương Vật Giả[duong-vat-gia] | Trứng Rung[trung-rung] | Trứng Rung Nữ[trung-rung-nu] | Máy Massage[may-massage] | Dụng Cụ Massage, Chày Rung[dung-cu-massage-chay-rung]","https://vipsextoy.net/chay-rung-mini-cao-cap-blenva.html"
"F0","Sextoy cho Nam[sextoy-cho-nam] | Máy Thủ Dâm Tự Động[may-thu-dam-tu-dong] | Sextoy Cao Cấp[sextoy-cao-cap] | Sản Phẩm Cho Nam[san-pham-cho-nam] | TENGA-JAPAN[tenga-japan]","https://vipsextoy.net/tenga-flip-0-zero-electronic-vibrotation-co-rung-tu-dong-nhap-truc-tiep-japan.html"
"BD33","Bao Cao Su[bao-cao-su] | BAO ĐÔN DÊN[bao-don-den]","https://vipsextoy.net/bao-don-quay-deo-sieu-mem-min-co-rung-mau-den-doc-dao.html"
"MS14","Sextoy cho Nữ[sextoy-cho-nu] | Trứng Rung[trung-rung] | Trứng Rung Nữ[trung-rung-nu] | Máy Massage[may-massage] | Dụng Cụ Massage, Chày Rung[dung-cu-massage-chay-rung] | Dương Vật Giả[duong-vat-gia] | Sextoy Cao Cấp[sextoy-cao-cap] | Sản Phẩm Cho Nữ[san-pham-cho-nu] | BALE- HONGKONG[bale-hongkong]","https://vipsextoy.net/mat-xa-diem-g-lybaile-cao-cap-mem-min-ms14.html"
"BBOO","Chai Xịt Lâu Ra[chai-xit-lau-ra]","https://vipsextoy.net/xit-chong-xuat-tinh-som-keo-dai-quan-he-bamboo-delay-spray-chai-12ml.html"
"DC65D","Sextoy cho Nữ[sextoy-cho-nu] | Dương Vật Giả[duong-vat-gia] | Sextoy Cao Cấp[sextoy-cao-cap] | Sản Phẩm Cho Nữ[san-pham-cho-nu] | Sextoy Cho LGBT[sextoy-cho-lgbt] | ĐỒ CHƠI CHO LESS[do-choi-cho-less]","https://vipsextoy.net/duong-vat-dai-deo-2-dau-co-rung-tuot-da-nhu-that.html"
"AD50","Sextoy cho Nam[sextoy-cho-nam] | Âm Đạo Giả[am-dao-gia] | Sextoy Cao Cấp[sextoy-cao-cap] | Sản Phẩm Cho Nam[san-pham-cho-nam] | TENGA-JAPAN[tenga-japan]","https://vipsextoy.net/coc-thu-dam-cao-cap-leten-one.html"
"DC93P","Sextoy cho Nam[sextoy-cho-nam] | Máy Thủ Dâm Tự Động[may-thu-dam-tu-dong] | Sextoy Cao Cấp[sextoy-cao-cap] | Sản Phẩm Cho Nữ[san-pham-cho-nu] | SVAKOM (Mỹ)[svakom-my] | Sản Phẩm Cho Nam[san-pham-cho-nam]","https://vipsextoy.net/may-thu-dam-tu-dong-lovense-solace-pro-ket-noi-app.html"
"DC42A","Sextoy cho Nữ[sextoy-cho-nu] | Sextoy Cao Cấp[sextoy-cao-cap] | Sản Phẩm Cho Nữ[san-pham-cho-nu] | LELO-THỤY ĐIỂN[lelo-thuy-dien]","https://vipsextoy.net/may-massage-diem-g-lelo-gigi-2-dc42a.html"
"BD43","Bao Cao Su[bao-cao-su] | BAO ĐÔN DÊN[bao-don-den]","https://vipsextoy.net/bao-don-to-dai-sieu-mem-min-co-lo-trong-biu-chong-xuat-tinh-som.html"
"EG34D","Sextoy cho Nữ[sextoy-cho-nu] | Trứng Rung[trung-rung] | Trứng Rung Nữ[trung-rung-nu] | Máy Massage[may-massage] | Sextoy Cao Cấp[sextoy-cao-cap] | Sản Phẩm Cho Nữ[san-pham-cho-nu]","https://vipsextoy.net/lovense-vulse-trung-rung-thut-thong-minh-dieu-khien-qua-app.html"
"DC06E","Sextoy cho Nam[sextoy-cho-nam] | Âm Đạo Silicon Trần[am-dao-silicon-tran] | Sextoy Cao Cấp[sextoy-cao-cap] | Sản Phẩm Cho Nam[san-pham-cho-nam] | BÚP BÊ SILICON NHẬT[bup-be-silicon-nhat]","https://vipsextoy.net/vong-ba-chau-phi-boc-lua-dc06e.html"
"DV65K","Sextoy cho Nữ[sextoy-cho-nu] | Dương Vật Giả[duong-vat-gia] | Sextoy Cao Cấp[sextoy-cao-cap] | Sản Phẩm Cho Nữ[san-pham-cho-nu]","https://vipsextoy.net/duong-vat-day-deo-rong-ruot-sieu-mem-lovetoy-rodeo.html"
"DC14G","Bao Cao Su[bao-cao-su] | BAO ĐÔN DÊN[bao-don-den]","https://vipsextoy.net/bao-don-den-gai-cuc-mem-mong.html"
"DC74E","Sextoy cho Nam[sextoy-cho-nam] | Âm Đạo Giả[am-dao-gia] | Âm Đạo Silicon Trần[am-dao-silicon-tran] | Máy Thủ Dâm Tự Động[may-thu-dam-tu-dong] | Sextoy Cao Cấp[sextoy-cao-cap] | Sản Phẩm Cho Nam[san-pham-cho-nam]","https://vipsextoy.net/coc-thu-dam-cao-cap-tach-doi-tenga-fliporb-chinh-hang-tu-nhat-ban.html"
"HM35","Sextoy cho Nữ[sextoy-cho-nu] | Sextoy Hậu Môn[sextoy-hau-mon] | Đồ Chơi BDSM[do-choi-bdsm] | Sextoy Cho LGBT[sextoy-cho-lgbt] | ĐỒ CHƠI CHO GAY[do-choi-cho-gay] | ĐỒ CHƠI CHO LESS[do-choi-cho-less]","https://vipsextoy.net/khoa-gian-no-hau-mon.html"
"DV65X","Sextoy cho Nữ[sextoy-cho-nu] | Dương Vật Giả[duong-vat-gia] | Sextoy Cao Cấp[sextoy-cao-cap] | Sản Phẩm Cho Nữ[san-pham-cho-nu] | DOCJOHNSON- USA[docjohnson-usa] | Sextoy Cho LGBT[sextoy-cho-lgbt] | ĐỒ CHƠI CHO LESS[do-choi-cho-less]","https://vipsextoy.net/duong-vat-gia-lien-quan-da-nhu-that.html"
"BB15","Sextoy Cao Cấp[sextoy-cao-cap] | Sản Phẩm Cho Nam[san-pham-cho-nam] | BÚP BÊ SILICON NHẬT[bup-be-silicon-nhat]","https://vipsextoy.net/em-bup-be-tinh-duc-nhat-ban-jav-kieu-bom-hoi-co-rung-ren-nhu-that.html"
"DC79B","Sextoy cho Nữ[sextoy-cho-nu] | Dương Vật Giả[duong-vat-gia] | Sextoy Cho LGBT[sextoy-cho-lgbt] | ĐỒ CHƠI CHO GAY[do-choi-cho-gay] | ĐỒ CHƠI CHO LESS[do-choi-cho-less]","https://vipsextoy.net/duong-vat-silicon-hai-dau-sieu-khung.html"
"G14A","Gel Bôi Trơn[gel-boi-tron] | GEL TĂNG CẢM KHOÁI[gel-tang-cam-khoai]","https://vipsextoy.net/gel-kich-thich-no-nguc-cho-nu-bust-excite-woman-g14a.html"
"G03","Gel Bôi Trơn[gel-boi-tron] | GEL TĂNG CẢM KHOÁI[gel-tang-cam-khoai]","https://vipsextoy.net/gel-boi-tron-hau-mon-jo-anal-original-g03.html"
"DC38N","Sextoy cho Nữ[sextoy-cho-nu] | Dương Vật Giả[duong-vat-gia] | Trứng Rung[trung-rung] | Lưỡi Liếm Âm Đạo[luoi-liem-am-dao] | Trứng Rung Nữ[trung-rung-nu] | Sextoy Cao Cấp[sextoy-cao-cap] | Sản Phẩm Cho Nữ[san-pham-cho-nu]","https://vipsextoy.net/trung-rung-gan-quan-chip-prettylove-baird-dieu-khien-qua-app-dc38n.html"
"MS41","Sextoy cho Nữ[sextoy-cho-nu] | Trứng Rung[trung-rung] | Lưỡi Liếm Âm Đạo[luoi-liem-am-dao] | Máy Massage[may-massage] | Sextoy Cao Cấp[sextoy-cao-cap] | Sản Phẩm Cho Nữ[san-pham-cho-nu]","https://vipsextoy.net/may-massage-hut-rung-da-chuc-nang-yeain-scentwave-cho-nu-tan-huong-cam-giac-thu-gian-tuyet-voi.html"
"DC17A","Sextoy cho Nam[sextoy-cho-nam] | Âm Đạo Giả[am-dao-gia]","https://vipsextoy.net/den-pin-silicon-sieu-mem-min-7-che-do-rung-dc17a.html"
"ORB","Sextoy cho Nam[sextoy-cho-nam] | Âm Đạo Giả[am-dao-gia] | Sextoy Cao Cấp[sextoy-cao-cap] | Sản Phẩm Cho Nam[san-pham-cho-nam] | TENGA-JAPAN[tenga-japan]","https://vipsextoy.net/tenga-flip-orb-pastaio-nhap-truc-tiep-tu-japan.html"
"NY015","Đồ Cosplay[do-cosplay]","https://vipsextoy.net/quan-chip-gan-chuoi-hat-kich-thich.html"
"DC55","Sextoy cho Nữ[sextoy-cho-nu] | Trứng Rung[trung-rung] | Máy Massage[may-massage] | Dụng Cụ Massage, Chày Rung[dung-cu-massage-chay-rung] | Sextoy Cao Cấp[sextoy-cao-cap] | Sản Phẩm Cho Nữ[san-pham-cho-nu] | NALONE JAPAN[nalone-japan]","https://vipsextoy.net/bo-bong-tap-nalone-yany-hop-kim-cao-cap-giup-chi-em-khit-bot.html"
"DC71K","Bao Cao Su[bao-cao-su]","https://vipsextoy.net/vong-rung-luoi-liem-am-vat-doc-dao-2-trong-1.html"
"DC63A","Sextoy cho Nữ[sextoy-cho-nu] | Dương Vật Giả[duong-vat-gia] | Sextoy Cho LGBT[sextoy-cho-lgbt] | ĐỒ CHƠI CHO LESS[do-choi-cho-less]","https://vipsextoy.net/duong-vat-silicon-gai-rung-hinh-mo-neo-dc63a.html"
"G01K","Gel Bôi Trơn[gel-boi-tron]","https://vipsextoy.net/gel-boi-tron-silktouch-peach-huong-dao-ngot-ngao-tron-muot-tu-nhien.html"
"HM01","Sextoy cho Nữ[sextoy-cho-nu] | Sextoy Hậu Môn[sextoy-hau-mon] | Sextoy Cho LGBT[sextoy-cho-lgbt] | ĐỒ CHƠI CHO GAY[do-choi-cho-gay]","https://vipsextoy.net/dung-cu-massage-hau-mon-01.html"
"DC38L","Sextoy cho Nữ[sextoy-cho-nu] | Trứng Rung[trung-rung] | Lưỡi Liếm Âm Đạo[luoi-liem-am-dao] | Trứng Rung Nữ[trung-rung-nu] | Sextoy Cao Cấp[sextoy-cao-cap] | Sản Phẩm Cho Nữ[san-pham-cho-nu]","https://vipsextoy.net/duong-vat-mini-gan-quan-chip-rung-bu-liem-dieu-khien-tu-xa.html"
"DV39K","Sextoy cho Nữ[sextoy-cho-nu] | Dương Vật Giả[duong-vat-gia] | Sextoy Cao Cấp[sextoy-cao-cap] | Sản Phẩm Cho Nữ[san-pham-cho-nu]","https://vipsextoy.net/duong-vat-gia-luoi-prettylove-antoine-rung-ngoay-dv39k.html"
"DC60F","Bao Cao Su[bao-cao-su]","https://vipsextoy.net/bo-vong-deo-duong-vat-giup-keo-dai-thoi-gian-yeu.html"
"DV02C","Sextoy cho Nữ[sextoy-cho-nu] | Dương Vật Giả[duong-vat-gia]","https://vipsextoy.net/duong-vat-gia-dan-tuong-royal-ares-size-7-5.html"
"HM04","Sextoy cho Nữ[sextoy-cho-nu] | Sextoy Cho LGBT[sextoy-cho-lgbt] | ĐỒ CHƠI CHO GAY[do-choi-cho-gay]","https://vipsextoy.net/dung-cu-massage-hau-mon-dieu-tri-tuyen-tien-liet.html"
"AD33C","Sextoy cho Nam[sextoy-cho-nam] | Máy Thủ Dâm Tự Động[may-thu-dam-tu-dong] | Sextoy Cao Cấp[sextoy-cao-cap] | Sản Phẩm Cho Nam[san-pham-cho-nam]","https://vipsextoy.net/may-thu-dam-tu-dong-leten-a380-bu-mut-cuc-dinh-ad33c.html"
"DC69K","Sextoy cho Nam[sextoy-cho-nam] | Máy Tập Dương Vật[may-tap-duong-vat]","https://vipsextoy.net/may-tap-duong-vat-tu-dong-sac-pin-maximizer-worx-vx5-dc69k.html"
"BD04A","Bao Cao Su[bao-cao-su] | BAO ĐÔN DÊN[bao-don-den]","https://vipsextoy.net/bao-don-quay-deo-dau-ga-choi-cho-chi-em-khoc-thet.html"
"HM05E","Sextoy cho Nữ[sextoy-cho-nu] | Sextoy Hậu Môn[sextoy-hau-mon] | Sextoy Cho LGBT[sextoy-cho-lgbt] | ĐỒ CHƠI CHO LESS[do-choi-cho-less]","https://vipsextoy.net/kich-hau-mon-nhua-mem-gan-duoi-cao-hm05e.html"
"DV27A","Sextoy cho Nữ[sextoy-cho-nu] | Dương Vật Giả[duong-vat-gia]","https://vipsextoy.net/duong-vat-gan-tuong-sieu-rung-ngoay-dieu-chinh-nhiet-do.html"
"HM02D","Sextoy cho Nữ[sextoy-cho-nu] | Sextoy Hậu Môn[sextoy-hau-mon] | Sextoy Cho LGBT[sextoy-cho-lgbt] | ĐỒ CHƠI CHO GAY[do-choi-cho-gay] | ĐỒ CHƠI CHO LESS[do-choi-cho-less]","https://vipsextoy.net/may-rung-mini-da-tan-hit-tuong-dieu-khien-xa-prettylove-hm02d.html"
"QT18","Sextoy cho Nữ[sextoy-cho-nu] | Đồ Chơi BDSM[do-choi-bdsm]","https://vipsextoy.net/bo-do-choi-sm-ho-ly-doc-dao-goi-cam-bi-an-khieu-goi.html"
"CD02","Bao Cao Su[bao-cao-su]","https://vipsextoy.net/bao-cao-su-gan-gai-keo-dai-thoi-gian-gap-3-lan.html"
"MS33","Sextoy cho Nữ[sextoy-cho-nu] | Dương Vật Giả[duong-vat-gia] | Sextoy Cao Cấp[sextoy-cao-cap] | Sản Phẩm Cho Nữ[san-pham-cho-nu]","https://vipsextoy.net/mat-xa-da-tan-cao-cap-sac-pin-chisa-caroline.html"
"DC65E","Sextoy cho Nữ[sextoy-cho-nu] | Dương Vật Giả[duong-vat-gia]","https://vipsextoy.net/duong-vat-gia-day-deo-rong-ruot-co-rung-ho-tro-tang-kich-thuoc-cai-thien-trai-nghiem.html"
"NY19E1","","https://vipsextoy.net/quan-silicon-co-am-dao-gia-cho-gay-nam-gia-nu-hoa-than-chan-that-trai-nghiem-tron-ven.html"
"QT18","Sextoy cho Nữ[sextoy-cho-nu] | Đồ Chơi BDSM[do-choi-bdsm]","https://vipsextoy.net/bo-do-choi-sm-da-cao-cap-kem-hop-dung-sang-trong-kich-thich-moi-giac-quan.html"
"MS20U","Sextoy cho Nữ[sextoy-cho-nu] | Trứng Rung[trung-rung] | Trứng Rung Nữ[trung-rung-nu] | Máy Massage[may-massage] | Dụng Cụ Massage, Chày Rung[dung-cu-massage-chay-rung]","https://vipsextoy.net/may-rung-da-tan-hinh-chu-u-prettylove-quintion-ms20u.html"
"DC49A","Sextoy cho Nữ[sextoy-cho-nu] | Trứng Rung[trung-rung] | Trứng Rung Nữ[trung-rung-nu] | Sextoy Cao Cấp[sextoy-cao-cap] | Sản Phẩm Cho Nữ[san-pham-cho-nu] | LELO-THỤY ĐIỂN[lelo-thuy-dien]","https://vipsextoy.net/bong-doi-mat-xa-diem-g-tap-thu-nho-am-dao.html"
"AD36","Sextoy cho Nam[sextoy-cho-nam] | Máy Thủ Dâm Tự Động[may-thu-dam-tu-dong] | Sextoy Cao Cấp[sextoy-cao-cap] | Sản Phẩm Cho Nam[san-pham-cho-nam]","https://vipsextoy.net/may-thu-dam-tu-dong-gan-tuong-da-nang-cho-nam-comanche-ad36.html"
"BD27","Bao Cao Su[bao-cao-su] | BAO ĐÔN DÊN[bao-don-den]","https://vipsextoy.net/bao-don-cobiiy-sieu-mong-co-gai-rau.html"
"DV02A","Sextoy cho Nữ[sextoy-cho-nu] | Dương Vật Giả[duong-vat-gia] | Sextoy Cao Cấp[sextoy-cao-cap] | Sản Phẩm Cho Nữ[san-pham-cho-nu]","https://vipsextoy.net/duong-vat-gia-sieu-mem-rung-thut-toa-nhiet.html"
"MS14H1","Sextoy cho Nữ[sextoy-cho-nu] | Trứng Rung[trung-rung] | Trứng Rung Nữ[trung-rung-nu]","https://vipsextoy.net/may-bu-hoa-hong-kem-trung-rung-thut-nhieu-che-do-rung-sac-tu-tinh.html"
"DV44Z1","Sextoy cho Nữ[sextoy-cho-nu] | Dương Vật Giả[duong-vat-gia] | Sextoy Cao Cấp[sextoy-cao-cap] | Sản Phẩm Cho Nữ[san-pham-cho-nu]","https://vipsextoy.net/duong-vat-silicon-rung-liem-thut-suoi-am.html"
"DV04","Sextoy cho Nữ[sextoy-cho-nu] | Dương Vật Giả[duong-vat-gia]","https://vipsextoy.net/duong-vat-gia-silicon-rung-gan-tuong-thiet-ke-linh-hoat-de-su-dung.html"
"DV61","Sextoy cho Nữ[sextoy-cho-nu] | Dương Vật Giả[duong-vat-gia]","https://vipsextoy.net/duong-vat-sieu-mem-ruot-hat-bi-suc-duoc-nhu-that-chien-binh-spartacus.html"
"AV17E","Sextoy cho Nữ[sextoy-cho-nu] | Máy Massage[may-massage] | Dụng Cụ Massage, Chày Rung[dung-cu-massage-chay-rung]","https://vipsextoy.net/chay-rung-kem-dau-rung-mini-mat-xa-ti-hat-le-cuc-manh-me.html"